iou_bg,iou_life,iou_head,iou_heart,dice_bg,dice_life,dice_head,dice_heart
0.9847881412506103,0.004220897293599677,2.915451879914599e-09,4.248873270995545e-09,0.9923349618911743,0.008366452082010341,2.915451879914599e-09,4.248873270995545e-09
